{"schemaVersion":23,"addons":[{"id":"activity-stream@mozilla.org","syncGUID":"{54cc0d14-f375-497e-8067-03266d89de48}","location":"app-system-defaults","version":"2018.01.04.0062-4997c81d","type":"extension","internalName":null,"updateURL":null,"updateKey":null,"optionsURL":null,"optionsType":null,"aboutURL":null,"defaultLocale":{"name":"Activity Stream","description":"A rich visual history feed and a reimagined home page make it easier than ever to find exactly what you're looking for in Firefox.","creator":null,"homepageURL":null},"visible":true,"active":true,"userDisabled":false,"appDisabled":false,"installDate":1516319136974,"updateDate":1516319136974,"applyBackgroundUpdates":1,"bootstrap":true,"path":"C:\\Program Files\\Mozilla Firefox\\browser\\features\\activity-stream@mozilla.org.xpi","skinnable":false,"size":2644152,"sourceURI":null,"releaseNotesURI":null,"softDisabled":false,"foreignInstall":false,"hasBinaryComponents":false,"strictCompatibility":false,"locales":[],"targetApplications":[{"id":"{ec8030f7-c20a-464f-9b0e-13a3a9e97384}","minVersion":"58.0","maxVersion":"58.*"}],"targetPlatforms":[],"multiprocessCompatible":true,"seen":true,"dependencies":[],"hasEmbeddedWebExtension":false,"mpcOptedOut":false,"userPermissions":null,"icons":{},"iconURL":null,"icon64URL":null,"blocklistState":0,"blocklistURL":null,"startupData":null},{"id":"aushelper@mozilla.org","syncGUID":"{3d45efa8-5450-40d3-a8d7-f2b498fca308}","location":"app-system-defaults","version":"2.0","type":"extension","internalName":null,"updateURL":null,"updateKey":null,"optionsURL":null,"optionsType":null,"aboutURL":null,"defaultLocale":{"name":"Application Update Service Helper","description":"Sets value(s) in the update url based on custom checks.","creator":null,"homepageURL":null},"visible":true,"active":true,"userDisabled":false,"appDisabled":false,"installDate":1516319136974,"updateDate":1516319136974,"applyBackgroundUpdates":1,"bootstrap":true,"path":"C:\\Program Files\\Mozilla Firefox\\browser\\features\\aushelper@mozilla.org.xpi","skinnable":false,"size":8486,"sourceURI":null,"releaseNotesURI":null,"softDisabled":false,"foreignInstall":false,"hasBinaryComponents":false,"strictCompatibility":false,"locales":[],"targetApplications":[{"id":"{ec8030f7-c20a-464f-9b0e-13a3a9e97384}","minVersion":"58.0","maxVersion":"58.*"}],"targetPlatforms":[],"multiprocessCompatible":true,"seen":true,"dependencies":[],"hasEmbeddedWebExtension":false,"mpcOptedOut":false,"userPermissions":null,"icons":{},"iconURL":null,"icon64URL":null,"blocklistState":0,"blocklistURL":null,"startupData":null},{"id":"firefox@getpocket.com","syncGUID":"{0ee2fcc6-8531-4d20-905f-0360982a20c1}","location":"app-system-defaults","version":"1.0.5","type":"extension","internalName":null,"updateURL":null,"updateKey":null,"optionsURL":null,"optionsType":null,"aboutURL":null,"defaultLocale":{"name":"Pocket","description":"When you find something you want to view later, put it in Pocket.","creator":null,"homepageURL":null},"visible":true,"active":true,"userDisabled":false,"appDisabled":false,"installDate":1516319136980,"updateDate":1516319136980,"applyBackgroundUpdates":1,"bootstrap":true,"path":"C:\\Program Files\\Mozilla Firefox\\browser\\features\\firefox@getpocket.com.xpi","skinnable":false,"size":916731,"sourceURI":null,"releaseNotesURI":null,"softDisabled":false,"foreignInstall":false,"hasBinaryComponents":false,"strictCompatibility":false,"locales":[],"targetApplications":[{"id":"{ec8030f7-c20a-464f-9b0e-13a3a9e97384}","minVersion":"58.0","maxVersion":"58.*"}],"targetPlatforms":[],"multiprocessCompatible":true,"seen":true,"dependencies":[],"hasEmbeddedWebExtension":false,"mpcOptedOut":false,"userPermissions":null,"icons":{},"iconURL":null,"icon64URL":null,"blocklistState":0,"blocklistURL":null,"startupData":null},{"id":"followonsearch@mozilla.com","syncGUID":"{655763dd-4e04-4427-9304-a74bd7b9d235}","location":"app-system-defaults","version":"0.9.6","type":"extension","internalName":null,"updateURL":null,"updateKey":null,"optionsURL":null,"optionsType":null,"aboutURL":null,"defaultLocale":{"name":"Follow-on Search Telemetry","description":null,"creator":null,"homepageURL":null},"visible":true,"active":true,"userDisabled":false,"appDisabled":false,"installDate":1516319136981,"updateDate":1516319136981,"applyBackgroundUpdates":1,"bootstrap":true,"path":"C:\\Program Files\\Mozilla Firefox\\browser\\features\\followonsearch@mozilla.com.xpi","skinnable":false,"size":18625,"sourceURI":null,"releaseNotesURI":null,"softDisabled":false,"foreignInstall":false,"hasBinaryComponents":false,"strictCompatibility":false,"locales":[],"targetApplications":[{"id":"{ec8030f7-c20a-464f-9b0e-13a3a9e97384}","minVersion":"52.0","maxVersion":"59.*"}],"targetPlatforms":[],"multiprocessCompatible":true,"seen":true,"dependencies":[],"hasEmbeddedWebExtension":false,"mpcOptedOut":false,"userPermissions":null,"icons":{},"iconURL":null,"icon64URL":null,"blocklistState":0,"blocklistURL":null,"startupData":null},{"id":"formautofill@mozilla.org","syncGUID":"{9edf6500-a831-4470-90ad-0e2c18125559}","location":"app-system-defaults","version":"1.0","type":"extension","internalName":null,"updateURL":null,"updateKey":null,"optionsURL":null,"optionsType":null,"aboutURL":null,"defaultLocale":{"name":"Form Autofill","description":"Autofill forms with saved profiles","creator":null,"homepageURL":null},"visible":true,"active":true,"userDisabled":false,"appDisabled":false,"installDate":1516319136985,"updateDate":1516319136985,"applyBackgroundUpdates":1,"bootstrap":true,"path":"C:\\Program Files\\Mozilla Firefox\\browser\\features\\formautofill@mozilla.org.xpi","skinnable":false,"size":418450,"sourceURI":null,"releaseNotesURI":null,"softDisabled":false,"foreignInstall":false,"hasBinaryComponents":false,"strictCompatibility":false,"locales":[],"targetApplications":[{"id":"{ec8030f7-c20a-464f-9b0e-13a3a9e97384}","minVersion":"58.0","maxVersion":"58.*"}],"targetPlatforms":[],"multiprocessCompatible":true,"seen":true,"dependencies":[],"hasEmbeddedWebExtension":false,"mpcOptedOut":false,"userPermissions":null,"icons":{},"iconURL":null,"icon64URL":null,"blocklistState":0,"blocklistURL":null,"startupData":null},{"id":"onboarding@mozilla.org","syncGUID":"{1ae713d3-9a3c-4a0c-9331-82750ae8dc73}","location":"app-system-defaults","version":"1.0","type":"extension","internalName":null,"updateURL":null,"updateKey":null,"optionsURL":null,"optionsType":null,"aboutURL":null,"defaultLocale":{"name":"Photon onboarding","description":"Photon onboarding","creator":null,"homepageURL":null},"visible":true,"active":true,"userDisabled":false,"appDisabled":false,"installDate":1516319136989,"updateDate":1516319136989,"applyBackgroundUpdates":1,"bootstrap":true,"path":"C:\\Program Files\\Mozilla Firefox\\browser\\features\\onboarding@mozilla.org.xpi","skinnable":false,"size":541751,"sourceURI":null,"releaseNotesURI":null,"softDisabled":false,"foreignInstall":false,"hasBinaryComponents":false,"strictCompatibility":false,"locales":[],"targetApplications":[{"id":"{ec8030f7-c20a-464f-9b0e-13a3a9e97384}","minVersion":"58.0","maxVersion":"58.*"}],"targetPlatforms":[],"multiprocessCompatible":true,"seen":true,"dependencies":[],"hasEmbeddedWebExtension":false,"mpcOptedOut":false,"userPermissions":null,"icons":{},"iconURL":null,"icon64URL":null,"blocklistState":0,"blocklistURL":null,"startupData":null},{"id":"screenshots@mozilla.org","syncGUID":"{acbf1fad-f4db-4c13-ac66-4e4176b090ad}","location":"app-system-defaults","version":"25.0.0","type":"extension","internalName":null,"updateURL":null,"updateKey":null,"optionsURL":null,"optionsType":null,"aboutURL":null,"defaultLocale":{"name":"Firefox Screenshots","description":null,"creator":null,"homepageURL":"https://screenshots.firefox.com/"},"visible":true,"active":true,"userDisabled":false,"appDisabled":false,"installDate":1516319136996,"updateDate":1516319136996,"applyBackgroundUpdates":1,"bootstrap":true,"path":"C:\\Program Files\\Mozilla Firefox\\browser\\features\\screenshots@mozilla.org.xpi","skinnable":false,"size":994512,"sourceURI":null,"releaseNotesURI":null,"softDisabled":false,"foreignInstall":false,"hasBinaryComponents":false,"strictCompatibility":false,"locales":[],"targetApplications":[{"id":"{ec8030f7-c20a-464f-9b0e-13a3a9e97384}","minVersion":"57.0a1","maxVersion":"*"}],"targetPlatforms":[],"multiprocessCompatible":true,"seen":true,"dependencies":[],"hasEmbeddedWebExtension":false,"mpcOptedOut":false,"userPermissions":null,"icons":{},"iconURL":null,"icon64URL":null,"blocklistState":0,"blocklistURL":null,"startupData":null},{"id":"shield-recipe-client@mozilla.org","syncGUID":"{2c6e9852-aa7b-4b79-8857-56013ef80699}","location":"app-system-defaults","version":"76.1","type":"extension","internalName":null,"updateURL":null,"updateKey":null,"optionsURL":null,"optionsType":null,"aboutURL":null,"defaultLocale":{"name":"Shield Recipe Client","description":"Client to download and run recipes for SHIELD, Heartbeat, etc.","creator":null,"homepageURL":null},"visible":true,"active":true,"userDisabled":false,"appDisabled":false,"installDate":1516319136999,"updateDate":1516319136999,"applyBackgroundUpdates":1,"bootstrap":true,"path":"C:\\Program Files\\Mozilla Firefox\\browser\\features\\shield-recipe-client@mozilla.org.xpi","skinnable":false,"size":363999,"sourceURI":null,"releaseNotesURI":null,"softDisabled":false,"foreignInstall":false,"hasBinaryComponents":false,"strictCompatibility":false,"locales":[],"targetApplications":[{"id":"{ec8030f7-c20a-464f-9b0e-13a3a9e97384}","minVersion":"58.0","maxVersion":"58.*"}],"targetPlatforms":[],"multiprocessCompatible":true,"seen":true,"dependencies":[],"hasEmbeddedWebExtension":false,"mpcOptedOut":false,"userPermissions":null,"icons":{},"iconURL":null,"icon64URL":null,"blocklistState":0,"blocklistURL":null,"startupData":null},{"id":"webcompat@mozilla.org","syncGUID":"{4fe33d97-cacd-458f-b3fc-373103d7fd22}","location":"app-system-defaults","version":"1.1","type":"extension","internalName":null,"updateURL":null,"updateKey":null,"optionsURL":null,"optionsType":null,"aboutURL":null,"defaultLocale":{"name":"Web Compat","description":"Urgent post-release fixes for web compatibility.","creator":null,"homepageURL":null},"visible":true,"active":true,"userDisabled":false,"appDisabled":false,"installDate":1516319137000,"updateDate":1516319137000,"applyBackgroundUpdates":1,"bootstrap":true,"path":"C:\\Program Files\\Mozilla Firefox\\browser\\features\\webcompat@mozilla.org.xpi","skinnable":false,"size":9266,"sourceURI":null,"releaseNotesURI":null,"softDisabled":false,"foreignInstall":false,"hasBinaryComponents":false,"strictCompatibility":false,"locales":[],"targetApplications":[{"id":"{ec8030f7-c20a-464f-9b0e-13a3a9e97384}","minVersion":"58.0","maxVersion":"58.*"}],"targetPlatforms":[],"multiprocessCompatible":true,"seen":true,"dependencies":[],"hasEmbeddedWebExtension":false,"mpcOptedOut":false,"userPermissions":null,"icons":{},"iconURL":null,"icon64URL":null,"blocklistState":0,"blocklistURL":null,"startupData":null},{"id":"{972ce4c6-7e08-4474-a285-3208198ce6fd}","syncGUID":"{286959e9-1df6-4c4c-a961-9e61d3890324}","location":"app-global","version":"58.0","type":"theme","internalName":"classic/1.0","updateURL":null,"updateKey":null,"optionsURL":null,"optionsType":null,"optionsBrowserStyle":null,"aboutURL":null,"defaultLocale":{"name":"Default","description":"The default theme.","creator":"Mozilla","homepageURL":null,"contributors":["Mozilla Contributors"]},"visible":true,"active":true,"userDisabled":false,"appDisabled":false,"installDate":1516319136958,"updateDate":1516319136958,"applyBackgroundUpdates":1,"path":"C:\\Program Files\\Mozilla Firefox\\browser\\extensions\\{972ce4c6-7e08-4474-a285-3208198ce6fd}.xpi","skinnable":true,"size":3200,"sourceURI":null,"releaseNotesURI":null,"softDisabled":false,"foreignInstall":false,"hasBinaryComponents":false,"strictCompatibility":true,"locales":[],"targetApplications":[{"id":"{ec8030f7-c20a-464f-9b0e-13a3a9e97384}","minVersion":"58.0","maxVersion":"58.0"}],"targetPlatforms":[],"seen":true,"dependencies":[],"hasEmbeddedWebExtension":false,"userPermissions":null,"icons":{},"iconURL":"chrome://browser/content/default-theme-icon.svg","icon64URL":null,"blocklistState":0,"blocklistURL":null,"startupData":null}]}